iso,cpu_pct,cpu_sec,ws_mb,priv_mb,threads,joins_ok,actions_total,acks_ok,acks_err,disconnects,live_bots
2026-09-28T04:47:34.062Z,16.02,21.75,328.9,348.8,12,300,5700,1890,3228,0,300
2026-09-28T04:47:38.114Z,1.57,22.765625,329.7,350.1,12,300,6600,2190,3734,0,300
2026-09-28T04:47:35.937Z,-3808.59,22.15625,328.5,349.4,12,300,6600,2190,3734,0,300
2026-09-28T04:47:40.652Z,1.47,23.265625,328.6,348.8,12,300,7200,2465,4185,0,300
2026-09-28T04:47:42.820Z,1.44,23.765625,329.2,349.2,12,300,8100,2768,4650,0,300
2026-09-28T04:47:44.758Z,1.01,24.078125,328.7,348.7,12,300,8700,3057,5092,0,300
2026-09-28T04:47:46.536Z,1.59,24.53125,329.4,349.1,12,300,10200,3681,5937,0,300
2026-09-28T04:47:48.111Z,1.24,24.84375,330.5,350.2,12,300,11100,4009,6376,0,300
2026-09-28T04:47:49.458Z,2.17,25.3125,329.9,349.3,12,300,11700,4361,6775,0,300
2026-09-28T04:47:50.717Z,2.02,25.71875,330.2,349,12,300,12600,4773,7175,0,300
2026-09-28T04:47:51.809Z,1.52,25.984375,330.3,348.9,12,300,13200,5121,7556,0,300
2026-09-28T04:47:53.486Z,1.63,26.421875,331,349.5,12,300,15600,6255,8637,0,300
2026-09-28T04:47:54.888Z,2.72,27.03125,331,349.4,12,300,17100,7103,9327,0,300
2026-09-28T04:47:56.121Z,1.82,27.390625,331.9,350.2,12,300,18600,7972,9962,0,300
2026-09-28T04:47:57.290Z,2,27.765625,331.7,349.8,12,300,20700,9327,10809,0,300
2026-09-28T04:47:58.358Z,1.92,28.09375,332.2,350.3,12,300,22200,10264,11336,0,300
2026-09-28T04:47:59.772Z,2.35,28.625,334.6,352.7,12,300,25200,12224,12395,0,300
2026-09-28T04:48:00.860Z,2.69,29.09375,334,352.1,12,300,27900,14087,13287,0,300
2026-09-28T04:48:01.946Z,2.34,29.5,335.4,352.7,12,300,30900,16338,14310,0,300
2026-09-28T04:48:03.051Z,3.54,30.125,335,352.1,12,300,34500,18858,15406,0,300
2026-09-28T04:48:04.060Z,3.58,30.703125,334.2,350.8,12,300,37200,20752,16233,0,300
2026-09-28T04:48:05.112Z,3.34,31.265625,335.4,352.1,12,300,40800,23331,17353,0,300
2026-09-28T04:48:06.116Z,2.24,31.625,336.3,353.1,12,300,42900,24889,18011,0,300
2026-09-28T04:48:07.134Z,2.4,32.015625,335.8,352.2,12,300,45600,26794,18806,0,300
2026-09-28T04:48:08.139Z,2.92,32.484375,335.5,351.8,12,300,48900,28993,19735,0,300
2026-09-28T04:48:09.142Z,2.43,32.875,336.3,352.6,12,300,52800,31601,20820,0,300
2026-09-28T04:48:10.149Z,3.69,33.46875,336.4,352.5,12,300,57300,34843,22270,0,300
2026-09-28T04:48:11.151Z,1.95,33.78125,337.3,353.1,12,300,59700,36252,22901,0,300
2026-09-28T04:48:12.150Z,0.78,33.90625,336.7,352,12,300,61500,37446,23424,0,300
2026-09-28T04:48:13.198Z,2.52,34.328125,337,352.2,12,300,63300,39128,24146,0,300
2026-09-28T04:48:14.242Z,2.81,34.796875,336.9,351.8,12,300,67200,41440,25089,0,300
2026-09-28T04:48:15.296Z,1.76,35.09375,337.2,351.9,12,300,69900,43258,25868,0,300
2026-09-28T04:48:16.643Z,1.52,35.421875,336.8,351.4,12,300,72600,45252,26686,0,300
2026-09-28T04:48:17.828Z,1.65,35.734375,337.1,351.6,12,300,75900,47413,27586,0,300
2026-09-28T04:48:18.950Z,1.74,36.046875,337.3,351.6,12,300,78600,49926,28674,0,300
2026-09-28T04:48:19.952Z,1.95,36.359375,337.8,351.9,12,300,81900,52098,29602,0,300
2026-09-28T04:48:20.962Z,1.84,36.65625,338.4,352.7,12,300,85500,54783,30717,0,300
2026-09-28T04:48:21.980Z,2.11,37,338.6,352.8,12,300,88200,56461,31454,0,300
2026-09-28T04:48:23.064Z,2.34,37.40625,338.4,351.9,12,300,91800,59150,32623,0,300
2026-09-28T04:48:24.082Z,1.25,37.609375,338.7,352.1,12,300,94800,61051,33371,0,300
2026-09-28T04:48:25.084Z,1.66,37.875,339.2,352.8,12,300,98400,63198,34345,0,300
2026-09-28T04:48:26.129Z,2.06,38.21875,339.5,352.9,12,300,101100,65315,35283,0,300
2026-09-28T04:48:27.164Z,2.45,38.625,340.6,354,12,300,103500,67351,36149,0,300
2026-09-28T04:48:28.170Z,1.36,38.84375,340,352.7,12,300,103500,67351,36149,0,0
2026-09-28T04:48:29.179Z,0,38.84375,340,352.7,12,300,103500,67351,36149,0,0
